Permutation,Weighted RMSE,Weighted MAE,Unweighted RMSE,Unweighted MAE,Weighted Cross Mean
B_Biofilm_Height,0.011060302182063496,0.009840621974407859,0.004548456237083113,0.0039769971976244,0.010450462078235677
B_Biofilm_Roughness,0.002298117353501553,0.0020313293647689526,0.0014388474867304242,0.0010633286530496726,0.0021647233591352527
B_Biofilm_SubstratumCoverage,0.008008216462471015,0.006396889813646163,0.0022680929041022616,0.0017812739454731211,0.007202553138058589
B_Biofilm_Volume,0.014286521442322923,0.011784972803619672,0.002333674473722015,0.0021358828322919593,0.013035747122971297
Modele,0.07582748836134413,0.06885821097941286,0.06568697268473968,0.06203826764804738,0.07234284967037849
P_Biofilm_Height,0.022507192366262457,0.01867251239381053,0.01241084729534209,0.010252796256140978,0.020589852380036494
P_Biofilm_SubstratumCoverage,0.000780209129479353,0.0007098327431805353,0.0004673099678536481,0.0004256987255952651,0.0007450209363299442
P_Biofilm_Volume,0.0024129834191736524,0.0016552825705785298,0.0017132283739924117,0.0010388123981516651,0.0020341329948760914
